4e7a4a,10.0.2.2,GET,http://brt.new.dev:8080/app_dev.php/lucky/number/20,1499404272,,200
9429fc,10.0.2.2,GET,http://brt.new.dev:8080/app_dev.php/lucky/number/20,1499404383,,200
a57bfe,10.0.2.2,GET,http://brt.new.dev:8080/app_dev.php/lucky/number/20,1499404970,,200
72edd9,10.0.2.2,GET,http://brt.new.dev:8080/app_dev.php/css/bootstrap-theme.css.map,1499404989,e899c8,200
e899c8,10.0.2.2,GET,http://brt.new.dev:8080/app_dev.php/css/bootstrap-theme.css.map,1499404990,,404
942c6e,10.0.2.2,GET,http://brt.new.dev:8080/app_dev.php/lucky/number/20,1499405199,,200
b04a94,10.0.2.2,GET,http://brt.new.dev:8080/app_dev.php/css/bootstrap-theme.css.map,1499405205,b61429,200
b61429,10.0.2.2,GET,http://brt.new.dev:8080/app_dev.php/css/bootstrap-theme.css.map,1499405206,,404
c7ee3c,10.0.2.2,GET,http://brt.new.dev:8080/app_dev.php/lucky/number/20,1499405263,,200
f9f33c,10.0.2.2,GET,http://brt.new.dev:8080/app_dev.php/css/bootstrap-theme.css.map,1499405268,537f83,200
537f83,10.0.2.2,GET,http://brt.new.dev:8080/app_dev.php/css/bootstrap-theme.css.map,1499405268,,404
